{
    "caliper": {
        "blockchain": "ethereum",
        "command" : {
            "start": "docker-compose -f ./networks/ethereum/1node-clique/docker-compose.yml up -d && sleep 60s",
            "end" : "docker-compose -f ./networks/ethereum/1node-clique/docker-compose.yml down"
          }
    },
    "ethereum": {
        "url": "ws://localhost:8546",
        "contractDeployerAddress": "0xc0A8e4D217eB85b812aeb1226fAb6F588943C2C2",
        "contractDeployerAddressPassword": "password",
        "fromAddress": "0xc0A8e4D217eB85b812aeb1226fAb6F588943C2C2",
        "fromAddressPassword": "password",
        "transactionConfirmationBlocks": 2,
        "contracts": {
            "simple": {
                "path": "./src/ethereum/simple/simple.json",
                "estimateGas": true,
                "gas": {
                    "query": 100000,
                    "transfer": 70000
                }
            }
        }
    }
}
